{
  "estAGuardar": [
    -34.63772760271713,
    -58.8427734375
  ],
  "repo": {
    "strings": [],
    "doubles": [
      -34.612866252964054,
      -58.6285400390625
    ]
  }
}