{
  "estadoAGuardar": [
    -34.49750272138161,
    -59.271240234375,
    -34.49750272138161,
    -59.8095703125
  ],
  "repo": {
    "strings": [],
    "doubles": [
      -34.76869145755269,
      -58.73291015625,
      -35.02999636902566,
      -59.073486328125,
      -35.13787911963418,
      -59.677734375,
      -34.46127728843705,
      -58.985595703125,
      -34.71452466170393,
      -59.150390625,
      -34.71452466170393,
      -59.403076171875
    ]
  }
}