{
  "estAGuardar": [
    -34.612866252964054,
    -58.6285400390625
  ],
  "repo": {
    "strings": [],
    "doubles": [
      -34.68516948942845,
      -58.66424560546875
    ]
  }
}