{
  "estadoAGuardar": [
    -34.612866252964054,
    -58.80157470703125,
    -34.80027235055681,
    -58.93890380859375,
    -34.719039917647876,
    -58.69720458984375
  ],
  "repo": {
    "strings": [],
    "doubles": [
      -34.468070755169244,
      -58.634033203125,
      -34.585736286512876,
      -58.5296630859375,
      -34.60834520731577,
      -58.7933349609375
    ]
  }
}